X,Y,OBJECTID,Asset_ID,Asset_Grou,Community,Address,Location,Short_ID,Asset_Clas,Asset_Cl00
130.835007036233719,-12.461842956816859,1,PlayEquip 1,Playground Equipment,Darwin City,"109 Esplanade, Darwin City",Bicentennial Park,Bicentennial Park,57,Playgrounds
130.859460036282542,-12.376390034731333,2,PlayEquip 2,Exercise Equipment,Rapid Creek,"315 Casuarina Dr, Nightcliff",Nightcliff Foreshore,Nightcliff Foreshore 2,57,Playgrounds
130.846947324141354,-12.449044853066191,3,PlayEquip 3,Playground Equipment,Stuart Park,"34 Meigs Cres, Stuart Park",Dinah Beach Park,Dinah Park,57,Playgrounds
130.844337012551449,-12.449155030875419,4,PlayEquip 4,Playground Equipment,Stuart Park,"8 Gothenburg Cres, Stuart Park",Que Noy Park,Que Noy Park,57,Playgrounds
130.836365969425344,-12.423038988214881,5,PlayEquip 5,Playground Equipment,Fannie Bay,"6 Elizabeth St, Fannie Bay",Ken Waters Memorial,Ken Waters Memorial Park,57,Playgrounds
130.842071980633222,-12.445413979090256,6,PlayEquip 6,Playground Equipment,Stuart Park,"8 Westralia St, Stuart Park",Bill Sullivan Park,Bill Sullivan Park,57,Playgrounds
130.874769525049715,-12.385060317607207,7,PlayEquip 7,Playground Equipment,Jingili,"8 Kilian Cres, Jingili",Killian Park,Killian Park,57,Playgrounds
130.84310843581747,-12.451093076277512,8,PlayEquip 8,Playground Equipment,Stuart Park,"12 Duke St, Stuart Park",Duke Street Park,Duke Street Park,57,Playgrounds
130.854424042532941,-12.375263818516393,9,PlayEquip 9,Playground Equipment,Rapid Creek,"315 Casuarina Dr, Nightcliff",Nightcliff Foreshore,Nightcliff Foreshore 2,57,Playgrounds
130.830522413545538,-12.412731109121651,10,PlayEquip 10,Playground Equipment,East Point,"152 Alec Fong Lim Dr, East Point",Lake Alexander,Lake Alexander Surrounds,57,Playgrounds
130.882259444063379,-12.382010011717901,11,PlayEquip 11,Playground Equipment,Wagaman,"20 Colster Cres, Wagaman",Colster Park,Colster Park,57,Playgrounds
130.868226010371245,-12.391535964671593,12,PlayEquip 12,Playground Equipment,Millner,"Trower Road to McMillans Road, Millner",Rapid Creek Reserve,Rapid Creek Road,57,Playgrounds
130.83746079471868,-12.426682159082176,13,PlayEquip 13,Playground Equipment,Fannie Bay,"10 Allen St, Fannie Bay",Allen Park,Allen Park,57,Playgrounds
130.830808996306189,-12.455563959597681,14,PlayEquip 14,Playground Equipment,Larrakeyah,"2 Malabar Street, Larrakeyah",Malabar Park,Malabar Park,57,Playgrounds
130.82642600156953,-12.454156998889387,15,PlayEquip 15,Playground Equipment,Larrakeyah,"Cullen Bay Cresent - Temira Cres,  Larrakeyah",Road Reserve - Temer,Kahlin Oval Surrounds,57,Playgrounds
130.832716787515778,-12.444129760032263,16,PlayEquip 16,Playground Equipment,The Gardens,"73 Gilruth Avenue, The Gardens",Mindil Beach Market,Mindil Beach - Market Area,57,Playgrounds
130.835206056061907,-12.431170867518436,17,PlayEquip 17,Playground Equipment,Fannie Bay,"39 East Point Rd, Fannie Bay",Vesteys Beach,Vestey's Beach,57,Playgrounds
130.835063972411206,-12.431521022021068,18,PlayEquip 18,Playground Equipment,Fannie Bay,"39 East Point Rd, Fannie Bay",Vesteys Beach,Vestey's Beach,57,Playgrounds
130.831783968410974,-12.453265019064812,19,PlayEquip 19,Playground Equipment,Larrakeyah,"176 Smith St, Larrakeyah",Warrego Park,Warrego Park,57,Playgrounds
130.831920037031409,-12.453287954898494,20,PlayEquip 20,Playground Equipment,Larrakeyah,"177 Smith St, Larrakeyah",Warrego Park,Warrego Park,57,Playgrounds
130.894611002379548,-12.374201968608636,21,PlayEquip 21,Playground Equipment,Leanyer,"37 Castlereagh Dr, Leanyer",Peace Park,Peace Park,57,Playgrounds
130.834760539274214,-12.424329240014139,22,PlayEquip 22,Playground Equipment,Fannie Bay,"131 East Point Rd, Fannie Bay",Fannie Bay Foreshore,Fannie Bay Foreshore,57,Playgrounds
130.828830808012356,-12.412069806364173,23,PlayEquip 23,Playground Equipment,East Point,"Alec Fong Lim  Dr, East Point",East Point Foreshore,East Point Foreshore,57,Playgrounds
130.829252105337503,-12.412317652692636,24,PlayEquip 24,Exercise Equipment,East Point,"Alec Fong Lim  Dr, East Point",East Point Foreshore,East Point Foreshore,57,Playgrounds
130.836160025692209,-12.423289987173765,25,PlayEquip 25,Playground Equipment,Fannie Bay,"6 Elizabeth St, Fannie Bay",Ken Waters Memorial,Ken Waters Memorial Park,57,Playgrounds
130.836475591697308,-12.421359526835142,26,PlayEquip 26,Playground Equipment,Fannie Bay,"22 Hinkler Cres, Fannie Bay",Hinkler Park,Hinkler Park,57,Playgrounds
130.834639609772125,-12.419876065709925,27,PlayEquip 27,Playground Equipment,Fannie Bay,"26 George Cres, Fannie Bay",George Park,George Park,57,Playgrounds
130.841282038132761,-12.428652025938499,28,PlayEquip 28,Playground Equipment,Parap,77 Ross Smith Ave Parap,Parap Pool,Parap Pool Complex,57,Playgrounds
130.84396899296101,-12.427792035960637,29,PlayEquip 29,Playground Equipment,Fannie Bay,"5 Clancy St, Fannie Bay",Clancy Park,Clancy Park,57,Playgrounds
130.844018998522756,-12.427817992999605,30,PlayEquip 30,Playground Equipment,Fannie Bay,"5 Clancy St, Fannie Bay",Clancy Park,Clancy Park,57,Playgrounds
130.842010026723869,-12.430243008546688,31,PlayEquip 31,Playground Equipment,Parap,"14 Macdonald St, Parap",Qantas Park,Qantas Park,57,Playgrounds
130.847133970060014,-12.429539994276393,32,PlayEquip 32,Playground Equipment,Parap,"6 Worgan Street, Parap",Worgan Park,Worgan Park,57,Playgrounds
130.847038979742507,-12.429511995602216,33,PlayEquip 33,Playground Equipment,Parap,"6 Worgan Street, Parap",Worgan Park,Worgan Park,57,Playgrounds
130.848282025293514,-12.431901020129171,34,PlayEquip 34,Playground Equipment,Parap,20 Ross Smith Ave Parap,Arafura Park,Arafura Park,57,Playgrounds
130.851051978305264,-12.436058972492946,35,PlayEquip 37,Playground Equipment,Woolner,"9 Sariago Ct, Woolner",Brian Chong Wee Park,Brian Chong Wee Park,57,Playgrounds
130.854358150883741,-12.439056842939896,36,PlayEquip 38,Playground Equipment,Bayview,"12 Stoddart Dr, Bayview",Stoddart Park,Stoddart Park,57,Playgrounds
130.859267031113035,-12.434950126317561,37,PlayEquip 39,Playground Equipment,Bayview,"9 Perth St, Bayview",Latrobe Street Park,Latrobe Street Park,57,Playgrounds
130.878878014444524,-12.372569025964159,38,PlayEquip 40,Playground Equipment,Nakara,"26 Witherden St, Nakara",Johnson Park,Johnson Park,57,Playgrounds
130.918745019997033,-12.405605714780842,39,PlayEquip 41,Playground Equipment,Karama,"20 Eaton Pl, Karama",Eaton Park,Eaton Park,57,Playgrounds
130.916762948068197,-12.403767485155823,40,PlayEquip 43,Playground Equipment,Karama,"18 Manunda Tce, Karama",Manunda Park,Manunda Park,57,Playgrounds
130.917177967558217,-12.397147007572222,41,PlayEquip 44,Playground Equipment,Karama,"8 Croton Ct, Karama",Whittle Park,Whittle Park,57,Playgrounds
130.917589537879991,-12.394431384226218,42,PlayEquip 45,Playground Equipment,Karama,"63 Mistletoe Crct, Karama",Dickinson Park,Dickinson Park,57,Playgrounds
130.917750911174039,-12.394849636018018,43,PlayEquip 46,Playground Equipment,Karama,"63 Mistletoe Crct, Karama",Dickinson Park,Dickinson Park,57,Playgrounds
130.91082599153421,-12.396067005896438,44,PlayEquip 47,Playground Equipment,Karama,"46 Mueller Rd, Karama",Mahogany Park,Mahogany Park,57,Playgrounds
130.90604768578342,-12.390807255592929,45,PlayEquip 48,Playground Equipment,Malak,"9 Kraegen Ct, Malak",Bayfield Park,Bayfield Park,57,Playgrounds
130.905968508140944,-12.390804287237652,46,PlayEquip 49,Playground Equipment,Malak,"9 Kraegen Ct, Malak",Bayfield Park,Bayfield Park,57,Playgrounds
130.853176753520643,-12.374317115072138,47,PlayEquip 50,Exercise Equipment,Rapid Creek,"315 Casuarina Dr, Nightcliff",Nightcliff Foreshore,Nightcliff Foreshore 2,57,Playgrounds
130.850329525977003,-12.376464898816074,48,PlayEquip 51,Exercise Equipment,Rapid Creek,"315 Casuarina Dr, Nightcliff",Nightcliff Foreshore,Nightcliff Foreshore 2,57,Playgrounds
130.854321997465718,-12.398006037645752,49,PlayEquip 55,Playground Equipment,Coconut Grove,"25 Nation Cres, Coconut Grove",Nation Crescent Park,Nation Crescent Park,57,Playgrounds
130.921007972116286,-12.406854012355353,50,PlayEquip 56,Playground Equipment,Karama,"11 Freycinet St, Karama",Freycinet Park,Freycinet Park,57,Playgrounds
130.852957021356076,-12.430083992139192,51,PlayEquip 58,Playground Equipment,Parap,"43 May St, Parap",Lores Bonney Park,Lores Bonney Park,57,Playgrounds
130.852763994554664,-12.430111972164765,52,PlayEquip 59,Exercise Equipment,Parap,"43 May St, Parap",Lores Bonney Park,Lores Bonney Park,57,Playgrounds
130.853023980718064,-12.430040969309928,53,PlayEquip 60,Playground Equipment,Parap,"43 May St, Parap",Lores Bonney Park,Lores Bonney Park,57,Playgrounds
130.852806968660104,-12.430130023192044,54,PlayEquip 61,Exercise Equipment,Parap,"43 May St, Parap",Lores Bonney Park,Lores Bonney Park,57,Playgrounds
130.849951078643642,-12.426820245193138,55,PlayEquip 62,Playground Equipment,Ludmilla,"10 Gilbert St, Ludmilla",Gilbert Park,Gilbert Park,57,Playgrounds
130.855482018010463,-12.420454018849817,56,PlayEquip 63,Playground Equipment,Ludmilla,"16 Mosec St, Ludmilla",Mosec Park,Mosec Park,57,Playgrounds
130.853831659828842,-12.411344141452977,57,PlayEquip 64,Playground Equipment,Ludmilla,"7 Tudawali St, Ludmilla",Tudawali Park,Tudawali Park,57,Playgrounds
130.854050000568378,-12.395827007029876,58,PlayEquip 65,Playground Equipment,Coconut Grove,"90 Old Mcmillans, Coconut Grove",Old McMillans Park,Old Mcmillans Park,57,Playgrounds
130.850212011394092,-12.394634015832249,59,PlayEquip 67,Playground Equipment,Coconut Grove,"15 Ostermann St, Coconut Grove",Osterman Park,Osterman Park,57,Playgrounds
130.850162991626831,-12.394316971664075,60,PlayEquip 68,Playground Equipment,Coconut Grove,"15 Ostermann St, Coconut Grove",Osterman Park,Osterman Park,57,Playgrounds
130.851250989118938,-12.391760042564158,61,PlayEquip 69,Playground Equipment,Coconut Grove,"5 Sunset Dr, Coconut Grove",Sunset Cove Park,Sunset Cove Park,57,Playgrounds
130.84749556635694,-12.3785870852951,62,PlayEquip 70,Playground Equipment,Nightcliff,"1 & 7 Jacaranda Ave, Nightcliff",Bill Bell Park,Bill Bell Park,57,Playgrounds
130.847003025589032,-12.378358000811472,63,PlayEquip 71,Exercise Equipment,Nightcliff,"315 Casuarina Dr, Nightcliff",Nightcliff Foreshore,Nightcliff Foreshore 2,57,Playgrounds
130.84539274185147,-12.379464766606022,64,PlayEquip 72,Exercise Equipment,Nightcliff,"235 Casuarina Dr, Nightcliff",Nightcliff Foreshore,Nightcliff Foreshore 1,57,Playgrounds
130.867739986923596,-12.387199969003182,65,PlayEquip 73,Playground Equipment,Jingili,"91 Freshwater Rd, Jingili",Water Gardens,Rapid Creek Water Gardens,57,Playgrounds
130.878259005453174,-12.387191955189154,66,PlayEquip 74,Playground Equipment,Moil,"28 Thornton Cres, Moil",Thornton Park,Thornton Park,57,Playgrounds
130.878439985433033,-12.387201999263528,67,PlayEquip 75,Playground Equipment,Moil,"28 Thornton Cres, Moil",Thornton Park,Thornton Park,57,Playgrounds
130.836612986622384,-12.455814029444824,68,PlayEquip 76,Playground Equipment,Darwin City,"6 Dashwood Place, Darwin City",Dashwood Park,Dashwood Park,57,Playgrounds
130.836534970656459,-12.455849984742306,69,PlayEquip 77,Playground Equipment,Darwin City,"6 Dashwood Place, Darwin City",Dashwood Park,Dashwood Park,57,Playgrounds
130.877114973137935,-12.363606958690452,70,PlayEquip 78,Playground Equipment,Tiwi,"41  Tiwi Gardens, Tiwi",Tiwi Park,Tiwi Park,57,Playgrounds
130.884259002299729,-12.377887017139933,71,PlayEquip 79,Playground Equipment,Wagaman,"32 Amsterdam Cct, Wagaman",Amsterdam Park,Amsterdam Park,57,Playgrounds
130.84290361616749,-12.438864541663239,72,PlayEquip 80,Playground Equipment,Stuart Park,"22 Armidale St, Stuart Park",Antony Memorial Park,Antony Memorial Park,57,Playgrounds
130.876222023625502,-12.371072966571711,73,PlayEquip 81,Playground Equipment,Nakara,"49 Nakara Tce, Nakara",Nakara Park,Nakara Park,57,Playgrounds
130.872002254724634,-12.385625771172458,74,PlayEquip 82,Playground Equipment,Jingili,"15 Cameron Cres, Jingili",Cameron Park,Cameron Park,57,Playgrounds
130.89985100180084,-12.377888004368168,75,PlayEquip 83,Playground Equipment,Leanyer,"46 Baroalba St, Leanyer",Savannah Park,Savannah Park,57,Playgrounds
130.87213225234936,-12.385493479377976,76,PlayEquip 84,Playground Equipment,Jingili,"15 Cameron Cres, Jingili",Cameron Park,Cameron Park,57,Playgrounds
130.886953814658852,-12.383556635927276,77,PlayEquip 85,Playground Equipment,Wagaman,"35 Tasman Cct, Wagaman",Tasman Park,Tasman Park,57,Playgrounds
130.871210035533579,-12.379054995124088,78,PlayEquip 86,Playground Equipment,Alawa,"25 Young Cres, Alawa",Young Park,Young Park,57,Playgrounds
130.878364971519773,-12.387229990241412,79,PlayEquip 87,Playground Equipment,Moil,"28 Thornton Cres, Moil",Thornton Park,Thornton Park,57,Playgrounds
130.867752017002601,-12.387239015895137,80,PlayEquip 88,Playground Equipment,Jingili,"91 Freshwater Rd, Jingili",Water Gardens,Rapid Creek Water Gardens,57,Playgrounds
130.842402020913028,-12.463870034968876,81,PlayEquip 89,Playground Equipment,Darwin City,26 - 52 Smith Street Darwin City,The Mall,The Mall,57,Playgrounds
130.87027296398324,-12.38258502022726,82,PlayEquip 90,Playground Equipment,Alawa,"2 Bald Crct, Alawa",Bald Park,Bald Park,57,Playgrounds
130.874220983967831,-12.381218008894233,83,PlayEquip 91,Playground Equipment,Alawa,"25 Stobo Cres, Alawa",Stobo Park,Stobo Park,57,Playgrounds
130.870337024756964,-12.377570007259946,84,PlayEquip 92,Playground Equipment,Alawa,"49 Lakeside Drv, Alawa",Alawa Oval Precinct,Alawa Oval Precinct CDU,57,Playgrounds
130.873683005943008,-12.377078038609444,85,PlayEquip 93,Playground Equipment,Alawa,"67 Wellington Pde, Alawa",Mullen Park,Mullen Park,57,Playgrounds
130.879177973947378,-12.377819986829916,86,PlayEquip 94,Playground Equipment,Alawa,"20 Britomart Gdns, Alawa",Britomart Park,Britomart Park,57,Playgrounds
130.850802995710438,-12.387004041439797,87,PlayEquip 95,Playground Equipment,Nightcliff,"Pavonia Place, Nightcliff",Pavonia Way Shopping,Pavonia Way,57,Playgrounds
130.878892019361984,-12.380070965221787,88,PlayEquip 96,Playground Equipment,Alawa,"38 Stedcombe St, Alawa",Stedcombe Park,Stedcombe Park,57,Playgrounds
130.878937034158582,-12.380174035853978,89,PlayEquip 97,Playground Equipment,Alawa,"38 Stedcombe St, Alawa",Stedcombe Park,Stedcombe Park,57,Playgrounds
130.879041028147583,-12.380169973401312,90,PlayEquip 98,Playground Equipment,Alawa,"38 Stedcombe St, Alawa",Stedcombe Park,Stedcombe Park,57,Playgrounds
130.882362119025203,-12.381969899951152,91,PlayEquip 100,Playground Equipment,Wagaman,"20 Colster Cres, Wagaman",Colster Park,Colster Park,57,Playgrounds
130.887753992122668,-12.379071981128771,92,PlayEquip 101,Playground Equipment,Wagaman,"10 Groote St, Wagaman",Groote Park,Groote Park,57,Playgrounds
130.850764632702635,-12.382541388659988,93,PlayEquip 102,Playground Equipment,Nightcliff,"20 Oleander St, Nightcliff",Nightcliff Oval Surr,Nightcliff Oval,57,Playgrounds
130.874752034563244,-12.368757011865197,94,PlayEquip 103,Playground Equipment,Nakara,"15 Griffe St, Nakara",Copeland Park,Copeland Park,57,Playgrounds
130.87925100629721,-12.368143990873428,95,PlayEquip 104,Playground Equipment,Nakara,"28 Rattray St, Nakara",Harwood Park,Harwood Park,57,Playgrounds
130.879309018950153,-12.368252031847332,96,PlayEquip 105,Playground Equipment,Nakara,"28 Rattray St, Nakara",Harwood Park,Harwood Park,57,Playgrounds
130.878661026146347,-12.365365977265279,97,PlayEquip 106,Playground Equipment,Tiwi,"24 Wangalara St, Tiwi",Kapalga Park,Kapalga Park,57,Playgrounds
130.874301017425864,-12.364547034008371,98,PlayEquip 107,Playground Equipment,Tiwi,"12 Undoolya St, Tiwi",Calvert Park,Calvert Park,57,Playgrounds
130.877373975795734,-12.363419012316378,99,PlayEquip 108,Playground Equipment,Tiwi,"41  Tiwi Gardens, Tiwi",Tiwi Park,Tiwi Park,57,Playgrounds
130.882195965760673,-12.36326198483294,100,PlayEquip 110,Playground Equipment,Tiwi,"19 Koolpinyah Cres, Tiwi",Koolpinyah Park,Koolpinyah Park,57,Playgrounds
130.88361200397037,-12.361091025602196,101,PlayEquip 111,Playground Equipment,Tiwi,"33 Dorisvale Cres, Tiwi",Dorisvale Park,Dorisvale Park,57,Playgrounds
130.853856001954597,-12.390037986919323,102,PlayEquip 112,Playground Equipment,Coconut Grove,"23 Craig Cres, Coconut Grove",Easther Park,Easther Park,57,Playgrounds
130.853984995494983,-12.389912035434458,103,PlayEquip 113,Playground Equipment,Coconut Grove,"23 Craig Cres, Coconut Grove",Easther Park,Easther Park,57,Playgrounds
130.846065967820095,-12.382779035711424,104,PlayEquip 114,Playground Equipment,Nightcliff,"22 Jacksonia Crct, Nightcliff",Grevillea Park,Grevillea Park,57,Playgrounds
130.850812460360942,-12.382474731467525,105,PlayEquip 115,Playground Equipment,Nightcliff,"20 Oleander St, Nightcliff",Nightcliff Oval Surr,Nightcliff Oval,57,Playgrounds
130.84150497661247,-12.381082016190627,106,PlayEquip 116,Playground Equipment,Nightcliff,"3 Aralia St, Nightcliff",Sunset Park,Sunset Park,57,Playgrounds
130.850735126901014,-12.382636478309907,107,PlayEquip 117,Playground Equipment,Nightcliff,"20 Oleander St, Nightcliff",Nightcliff Oval Surr,Nightcliff Oval,57,Playgrounds
130.841609986960407,-12.380908968597153,108,PlayEquip 118,Exercise Equipment,Nightcliff,"3 Aralia St, Nightcliff",Sunset Park,Sunset Park,57,Playgrounds
130.884260030697789,-12.377892973724592,109,PlayEquip 119,Playground Equipment,Wagaman,"32 Amsterdam Cct, Wagaman",Amsterdam Park,Amsterdam Park,57,Playgrounds
130.842939530310957,-12.450941502585016,110,PlayEquip 120,Playground Equipment,Stuart Park,"12 Duke St, Stuart Park",Duke Street Park,Duke Street Park,57,Playgrounds
130.855078558826733,-12.375357404289062,111,PlayEquip 121,Playground Equipment,Rapid Creek,"315 Casuarina Dr, Nightcliff",Nightcliff Foreshore,Nightcliff Foreshore 2,57,Playgrounds
130.878404022634044,-12.387347017985762,112,PlayEquip 122,Playground Equipment,Moil,"28 Thornton Cres, Moil",Thornton Park,Thornton Park,57,Playgrounds
130.881759005372288,-12.385845006783097,113,PlayEquip 124,Playground Equipment,Moil,"11 Greenwood Cres, Moil",Greenwood Park,Greenwood Park,57,Playgrounds
130.881954005893476,-12.389999064337005,114,PlayEquip 126,Playground Equipment,Moil,"11 Budgen St, Moil",Moil Park,Moil Park,57,Playgrounds
130.882881006599746,-12.393338975469858,115,PlayEquip 127,Playground Equipment,Moil,"48 Byrne Cct, Moil",Byrne Park,Byrne Park,57,Playgrounds
130.896435024474471,-12.382155979248422,116,PlayEquip 128,Playground Equipment,Wulagi,"148 Vanderlin Drive, Wulagi",Wulagi Park,Wulagi Park,57,Playgrounds
130.89474536905243,-12.386866800388244,117,PlayEquip 129,Playground Equipment,Wulagi,"6 Grebe Cres, Wulagi",Grebe Park,Grebe Park,57,Playgrounds
130.902714363498006,-12.385826631556863,118,PlayEquip 130,Playground Equipment,Wulagi,"95 Wulagi Cres, Wulagi",Rosella Park,Rosella Park,57,Playgrounds
130.893957008706479,-12.400677959598109,119,PlayEquip 131,Playground Equipment,Marrara,"48 Carnoustie Crct, Marrara",Tomaris Park,Tomaris Park,57,Playgrounds
130.893028005696408,-12.360300037714717,120,PlayEquip 132,Playground Equipment,Muirhead,"3 Moore St, Muirhead",Juliet Shields Park,Juliet Shields Park,57,Playgrounds
130.895224011144222,-12.361956017520933,121,PlayEquip 133,Playground Equipment,Muirhead,"6 Raby St, Muirhead",William Foster Park,William Forster Park,57,Playgrounds
130.895557970719892,-12.362103973080812,122,PlayEquip 134,Playground Equipment,Muirhead,"6 Raby St, Muirhead",William Foster Park,William Forster Park,57,Playgrounds
130.830488028892063,-12.412813035778553,123,PlayEquip 135,Playground Equipment,East Point,"152 Alec Fong Lim Dr, East Point",Lake Alexander,Lake Alexander Surrounds,57,Playgrounds
130.856218590244083,-12.375715890303949,124,PlayEquip 136,Exercise Equipment,Rapid Creek,"315 Casuarina Dr, Nightcliff",Nightcliff Foreshore,Nightcliff Foreshore 2,57,Playgrounds
130.883792460407534,-12.3890192856891,125,PlayEquip 137,Playground Equipment,Moil,"15 Wilson Cres, Moil",Wilson Park,Wilson Park,57,Playgrounds
130.881577971489577,-12.392393991125726,126,PlayEquip 138,Playground Equipment,Moil,"21 Butters St, Moil",Butters Park,Butters Park,57,Playgrounds
130.879263984782483,-12.394164972984326,127,PlayEquip 139,Playground Equipment,Moil,"2 Linde St, Moil",Linde Park,Linde Park,57,Playgrounds
130.896913002512434,-12.385894045127831,128,PlayEquip 140,Playground Equipment,Wulagi,"67 Matthews Rd, Wulagi",Wulagi Greenbelt South,Wulagi Greenbelt South,57,Playgrounds
130.901104031387234,-12.391424963597316,129,PlayEquip 141,Playground Equipment,Malak,"13 Malak Cres, Malak",Malak Greenbelt,Malak Greenbelt,57,Playgrounds
130.895472980932539,-12.36185099277721,130,PlayEquip 142,Playground Equipment,Muirhead,"6 Raby St, Muirhead",William Foster Park,William Forster Park,57,Playgrounds
130.858127964612777,-12.376162014211609,131,PlayEquip 143,Playground Equipment,Rapid Creek,"315 Casuarina Dr, Nightcliff",Nightcliff Foreshore,Nightcliff Foreshore 2,57,Playgrounds
130.857880962375106,-12.376163973611083,132,PlayEquip 144,Playground Equipment,Rapid Creek,"315 Casuarina Dr, Nightcliff",Nightcliff Foreshore,Nightcliff Foreshore 2,57,Playgrounds
130.858807030014503,-12.378503001774448,133,PlayEquip 145,Playground Equipment,Rapid Creek,"29 Clarke Cres, Rapid Creek",Clarke Crescent Park,Clarke Crescent Park,57,Playgrounds
130.857501015110586,-12.385035978605966,134,PlayEquip 146,Playground Equipment,Rapid Creek,"12 Valder Cres, Rapid Creek",Rapid Creek Park,Rapid Creek Park,57,Playgrounds
130.864091996595192,-12.390166004880303,135,PlayEquip 147,Playground Equipment,Millner,"6 Millner St, Millner",Stokes Park,Stokes Park,57,Playgrounds
130.860295969674581,-12.393962968612755,136,PlayEquip 148,Playground Equipment,Millner,"8 Tong Luck St, Millner",Wong Yung Park,Wong Yung Park,57,Playgrounds
130.856612467306661,-12.396297487200245,137,PlayEquip 149,Playground Equipment,Millner,"55 McMillans Rd, Millner",Bagot Oval,Bagot Oval,57,Playgrounds
130.859968033761447,-12.394027028173657,138,PlayEquip 150,Playground Equipment,Millner,"8 Tong Luck St, Millner",Wong Yung Park,Wong Yung Park,57,Playgrounds
130.860361484267457,-12.426496798577142,139,PlayEquip 151,Playground Equipment,The Narrows,"3 Shiers St, The Narrows",Dwyer Park,Dwyer Park,57,Playgrounds
130.860424974501626,-12.426734033705278,140,PlayEquip 152,Playground Equipment,The Narrows,"3 Shiers St, The Narrows",Dwyer Park,Dwyer Park,57,Playgrounds
130.841683987287354,-12.381071042864363,141,PlayEquip 153,Playground Equipment,Nightcliff,"3 Aralia St, Nightcliff",Sunset Park,Sunset Park,57,Playgrounds
130.887148962798506,-12.36718499450204,142,PlayEquip 154,Playground Equipment,Wanguri,"5 Mazlin St, Wanguri",Mazlin Park,Mazlin Park,57,Playgrounds
130.888332004429913,-12.36961699654457,143,PlayEquip 155,Playground Equipment,Wanguri,"56 Lyons St, Wanguri",Wanguri Park,Wanguri Park,57,Playgrounds
130.88853598388792,-12.369601030696201,144,PlayEquip 156,Playground Equipment,Wanguri,"56 Lyons St, Wanguri",Wanguri Park,Wanguri Park,57,Playgrounds
130.888611025967066,-12.36950399667038,145,PlayEquip 157,Playground Equipment,Wanguri,"56 Lyons St, Wanguri",Wanguri Park,Wanguri Park,57,Playgrounds
130.890622008980529,-12.368437960070951,146,PlayEquip 158,Playground Equipment,Wanguri,"25 Kailis St, Wanguri",Kailis Park,Kailis Park,57,Playgrounds
130.885282009414766,-12.371219961795433,147,PlayEquip 159,Playground Equipment,Wanguri,"8 Strele Cres, Wanguri",Strele Park,Strele Park,57,Playgrounds
130.888941987788712,-12.371564982833009,148,PlayEquip 160,Playground Equipment,Wanguri,"39 Haritos St, Wanguri",Haritos Park,Haritos Park,57,Playgrounds
130.889006032653185,-12.371499021287846,149,PlayEquip 161,Playground Equipment,Wanguri,"39 Haritos St, Wanguri",Haritos Park,Haritos Park,57,Playgrounds
130.889102989317053,-12.371623959680791,150,PlayEquip 162,Playground Equipment,Wanguri,"39 Haritos St, Wanguri",Haritos Park,Haritos Park,57,Playgrounds
130.88702002492812,-12.375519012902256,151,PlayEquip 163,Playground Equipment,Wanguri,"6 Fong St, Wanguri",Fong Park,Fong Park,57,Playgrounds
130.884569008209866,-12.374460993897683,152,PlayEquip 164,Playground Equipment,Casuarina,"17 Gsell St, Casuarina",Casuarina Pool,Casuarina Pool Complex,57,Playgrounds
130.902928404088613,-12.380649159382866,153,PlayEquip 165,Playground Equipment,Leanyer,"172 Leanyer Dr, Leanyer",Killupa Park,Killupa Park,57,Playgrounds
130.89542598168353,-12.366532013272675,154,PlayEquip 169,Playground Equipment,Leanyer,"3  Armstrong St, Leanyer",Armstrong Park,Armstrong Park,57,Playgrounds
130.891032978258181,-12.36395501700208,155,PlayEquip 170,Playground Equipment,Lyons,"2 Dangoerra St, Lyons",Dangoerra Park,Dangoerra Park,57,Playgrounds
130.88993597178893,-12.360886959510669,156,PlayEquip 171,Playground Equipment,Lyons,"58 Matla Terrace, Lyons",Matla Park,Matla Park,57,Playgrounds
130.888214971762068,-12.359273994585045,157,PlayEquip 172,Playground Equipment,Lyons,"25 Damabila, Lyons",Garanmanuk Park,Garanmanuk Park East,57,Playgrounds
130.888041016639022,-12.358761006251358,158,PlayEquip 173,Playground Equipment,Lyons,"25 Damabila, Lyons",Garanmanuk Park,Garanmanuk Park East,57,Playgrounds
130.888108028657513,-12.358548989725312,159,PlayEquip 174,Playground Equipment,Lyons,"25 Damabila, Lyons",Garanmanuk Park,Garanmanuk Park East,57,Playgrounds
130.887252141790213,-12.352178899396451,160,PlayEquip 175,Playground Equipment,Lyons,"10 Bilingga St, Lyons",Bilingga Park,Bilingga Park,57,Playgrounds
130.872492969324043,-12.366097020527265,161,PlayEquip 176,Playground Equipment,Brinkin,"8 Airlie Crct, Brinkin",Airlie Park,Airlie Park,57,Playgrounds
130.8725930138487,-12.365965026251185,162,PlayEquip 177,Playground Equipment,Brinkin,"8 Airlie Crct, Brinkin",Airlie Park,Airlie Park,57,Playgrounds
130.888096890176286,-12.392107271880311,163,PlayEquip 178,Playground Equipment,Anula,"36 Yanyula Dr, Anula",Driffield Greenbelt,Driffield Greenbelt,57,Playgrounds
130.888030359462761,-12.392133941171968,164,PlayEquip 179,Playground Equipment,Anula,"36 Yanyula Dr, Anula",Driffield Greenbelt,Driffield Greenbelt,57,Playgrounds
130.890955026294563,-12.390535041769562,165,PlayEquip 180,Exercise Equipment,Anula,"59 Yanyula Dr, Anula",Yanyula Park,Yanyula Park,57,Playgrounds
130.891472905639148,-12.391274259104296,166,PlayEquip 181,Playground Equipment,Anula,"59 Yanyula Dr, Anula",Yanyula Park,Yanyula Park,57,Playgrounds
130.893998981738321,-12.393145968638731,167,PlayEquip 182,Playground Equipment,Anula,"74 Yanyula Dr, Anula",McMillans Road Green,McMillans Road Greenbelt,57,Playgrounds
130.893892036593599,-12.393497974239736,168,PlayEquip 183,Playground Equipment,Anula,"74 Yanyula Dr, Anula",McMillans Road Green,McMillans Road Greenbelt,57,Playgrounds
130.875132020875981,-12.390833006830883,169,PlayEquip 184,Playground Equipment,Jingili,"23 Borella Crct, Jingili",Borella Park,Borella Park,57,Playgrounds
130.895612966670257,-12.361855982289407,170,PlayEquip 186,Playground Equipment,Muirhead,"6 Raby St, Muirhead",William Foster Park,William Forster Park,57,Playgrounds
130.895468963901806,-12.362051004862098,171,PlayEquip 187,Playground Equipment,Muirhead,"6 Raby St, Muirhead",William Foster Park,William Forster Park,57,Playgrounds
130.875045031167502,-12.390691999042275,172,PlayEquip 188,Playground Equipment,Jingili,"23 Borella Crct, Jingili",Borella Park,Borella Park,57,Playgrounds
130.875186004743284,-12.390641955329427,173,PlayEquip 189,Playground Equipment,Jingili,"23 Borella Crct, Jingili",Borella Park,Borella Park,57,Playgrounds
130.875271027956984,-12.390529040576958,174,PlayEquip 190,Playground Equipment,Jingili,"23 Borella Crct, Jingili",Borella Park,Borella Park,57,Playgrounds
130.871461995195205,-12.388672032302336,175,PlayEquip 191,Playground Equipment,Jingili,"29 Gaden Crct, Jingili",Gaden Park,Gaden Park,57,Playgrounds
130.871210945294479,-12.388596857979731,176,PlayEquip 192,Playground Equipment,Jingili,"29 Gaden Crct, Jingili",Gaden Park,Gaden Park,57,Playgrounds
130.867214963640436,-12.385968956793302,177,PlayEquip 193,Playground Equipment,Jingili,"91 Freshwater Rd, Jingili",Water Gardens,Rapid Creek Water Gardens,57,Playgrounds
130.901473023261019,-12.391619741694523,178,PlayEquip 195,Playground Equipment,Malak,"13 Malak Cres, Malak",Malak Greenbelt,Malak Greenbelt,57,Playgrounds
130.916087931338382,-12.399458151146598,179,20150611103059,Exercise Equipment,Karama,"59 Koolinda Cres, Karama",Robyn Lesley Park,Robyn Lesley Park,57,Playgrounds
130.830114869330487,-12.413561745433299,180,20150625142926,Exercise Equipment,East Point,"Alec Fong Lim  Dr, East Point",East Point Reserve,East Point Foreshore,57,Playgrounds
130.903566977006676,-12.376661101432822,181,20160609101950ACA,Playground Equipment,Leanyer,"5 Parkside Cres, Leanyer",Parkside Park,Parkside Park,57,Playgrounds
130.921260066872776,-12.403445636753458,182,201606091044174D6,Playground Equipment,Karama,"1 Brazil Cres, Karama",Brazil Park,Brazil Park,57,Playgrounds
130.904663473720575,-12.395220111793874,183,20161019100745,Playground Equipment,Malak,"1 Holzerland St, Malak",Holzerland Park,Holzerland Park,57,Playgrounds
